Name of Standard/Specification,Categories,SDO/Group,Std #,Link/Reference,Status,Date of Publication,Media Type(s),Summary
CAWG Identity Assertion Specification,"Content Provenance
Trust and Authenticity",Creation Assertions Working Group (DIF),CAWG Identity Assertion v1.2,https://cawg.io/identity/1.2/,Published,2025,Any,"This specification enables content creators to cryptographically bind their verified identity to C2PA-signed digital assets. It supports multiple identity binding methods including X.509 certificates and Identity Claim Aggregators (ICA). Ratified by the Decentralized Identity Foundation (DIF) on December 15, 2025, after CAWG formally became a DIF working group in March 2025. Directly extends and complements the C2PA Specification and CAWG Metadata specification."
CAWG User Experience Guidance,"Trust and Authenticity
Content Provenance",Creation Assertions Working Group (DIF),CAWG UX Guidance v1.0,https://cawg.io/ux-guidance/1.0/,Published,2026,Any,"This specification provides normative UX guidance for how applications should display Content Credentials to end users. It defines presentation rules for provenance indicators, trust signals, and identity claims in user interfaces, ensuring consistent and trustworthy communication of C2PA content credentials across products and platforms. Ratified by DIF on February 5, 2026."
W3C Verifiable Credentials Data Model v2.0,"Trust and Authenticity
Content Provenance
Rights Declarations",W3C,VC Data Model 2.0,https://www.w3.org/TR/vc-data-model-2.0/,Published,2025,Any,"This W3C Recommendation (published May 15, 2025) provides a standard data model for cryptographically secure, privacy-respecting, machine-verifiable credentials. It is directly applicable to content authenticity workflows — notably as the foundation for identity binding in CAWG Identity Assertions. The v2.0 family comprises seven interlocking specifications covering the data model, JSON-LD contexts, and securing mechanisms (ECDSA and BBS). Supersedes v1.1."
NIST AI 100-4: Reducing Risks Posed by Synthetic Content,"Trust and Authenticity
Watermarking
Content Provenance",NIST,NIST AI 100-4,https://nvlpubs.nist.gov/nistpubs/ai/NIST.AI.100-4.pdf,Published,2024,"Images
Audio
Video
Any","This NIST technical report provides authoritative US government guidance on detecting, authenticating, and labeling AI-generated and synthetic content. It covers digital watermarking, metadata-based provenance, and content labeling approaches, with explicit interoperability references to C2PA and W3C PROV as recommended standards. Although a technical report rather than a normative standard, it carries significant influence on US policy and industry practice for AI content authenticity."
WSC/AMAS Technical Report on AI and Multimedia Authenticity Standards,"Trust and Authenticity
Content Provenance
Watermarking",ISO / IEC / ITU (World Standards Cooperation AMAS),WSC AMAS Technical Report 2025,https://www.worldstandardscooperation.org/wp-content/uploads/2025/07/IEC-ISO-ITU-Technical_Report_on_AI_and_Multimedia_Authenticity_Standards.pdf,Published,2025,Any,"Published at the AI for Good Global Summit on July 11, 2025 by the ISO/IEC/ITU AI and Multimedia Authenticity Standards (AMAS) collaboration. Provides the authoritative international landscape map of all standards relevant to AI-generated content authenticity, covering content provenance, watermarking, detection, and rights declarations. An accompanying Policy Paper addresses regulatory guidance. Essential reference document for understanding the global standards ecosystem in this domain."
ISO/IEC 21000-3:2025 — MPEG-21 Part 3: Digital Item Identification,Asset Identifiers,ISO/IEC JTC 1/SC 29,ISO/IEC 21000-3:2025,https://www.iso.org/standard/89735.html,Published,2025,Any,"This 2025 edition of MPEG-21 Part 3 replaces the original 2003 version and defines a framework for the unique identification of digital items and their components. It provides persistent, globally unique identifiers for digital content objects and is applicable across audio, video, images, and documents. Relevant to asset identifier workflows and interoperable with C2PA, ISCC, and GMI (IWA 44) identification schemes."
EU AI Act Article 50 — AI-Generated Content Disclosure Requirements,"Trust and Authenticity
Rights Declarations",European Union,EU AI Act Art. 50 (Regulation 2024/1689),https://eur-lex.europa.eu/legal-content/EN/TXT/?uri=CELEX:32024R1689,Published,2024,Any,"Article 50 of the EU Artificial Intelligence Act (Regulation (EU) 2024/1689, entered into force August 1, 2024) mandates disclosure and machine-readable labeling for AI-generated synthetic content, including deepfakes. Providers of general-purpose AI systems must ensure outputs are marked in a machine-readable format detectable as artificially generated. Harmonized technical standards for compliance (via CEN-CENELEC JTC21) are being fast-tracked for publication by Q4 2026. Though regulatory rather than a technical standard, this is the primary legal driver for AI content authenticity requirements in Europe."
C2PA Trust List (C2PA Conformance Program),"Trust and Authenticity
Content Provenance",C2PA,C2PA Trust List,https://trustlist.c2pa.org/,Published,2025,Any,"The C2PA Conformance Program, officially launched June 4, 2025, provides a live, publicly accessible Trust List of certified signers and a Conforming Products List of validated implementations of the C2PA Specification. It establishes the governance and verification infrastructure necessary for relying parties to validate C2PA manifests in production environments. An essential operational complement to the C2PA Specification itself."
